{
  "current-scene": "ada8b029-48f7-42ae-94ed-0261502349bf",
  "gizmos-infos": {
    "iconGizmoSize": 0,
    "isGridVisible": true,
    "isIconGizmo3D": false
  },
  "camera-infos": {
    "ada8b029-48f7-42ae-94ed-0261502349bf": {
      "position": {
        "x": 367.63054867705614,
        "y": 678.7271561317968,
        "z": 1676.3300350899442
      },
      "rotation": {
        "w": 1,
        "x": 0,
        "y": 0,
        "z": 0
      },
      "viewCenter": {
        "x": 43.61963578678004,
        "y": 416.159555679183,
        "z": -39.45631899514319
      }
    },
    "f46876e4-e81b-4931-b493-6d367be385e7": {
      "position": {
        "x": 50,
        "y": 50,
        "z": 50
      },
      "rotation": {
        "w": 0.8804762392171493,
        "x": -0.27984814233312133,
        "y": 0.3647051996310009,
        "z": 0.11591689595929514
      },
      "viewCenter": {
        "x": 0,
        "y": 0,
        "z": 0
      }
    }
  },
  "camera-uuids": [
    "ada8b029-48f7-42ae-94ed-0261502349bf"
  ]
}
